destino,ida,numpassagens,qtdiarias,requisicao,solicitante,valor,valtotal,volta
BRASILIA - DF,2015-02-02,2,0.5,81087,ADAO ROBERTO RODRIGUES VILLAVERDE,294.74,115.58,2015-02-02
BRASILIA - DF,2015-03-05,2,0.5,81575,ADAO ROBERTO RODRIGUES VILLAVERDE,372.39,91.3,2015-03-05
RIO DE JANEIRO - RJ,2015-03-19,2,1.5,81963,ADAO ROBERTO RODRIGUES VILLAVERDE,1117.16,0.0,2015-03-20
RIO DE JANEIRO - RJ,2015-05-14,2,1.5,83276,ADAO ROBERTO RODRIGUES VILLAVERDE,1117.16,0.0,2015-05-15
BRASILIA - DF,2015-06-17,3,1.5,84179,ADAO ROBERTO RODRIGUES VILLAVERDE,1117.16,22.0,2015-06-18
RIO DE JANEIRO - RJ,2015-07-12,2,1.5,84644,ADAO ROBERTO RODRIGUES VILLAVERDE,1117.16,0.0,2015-07-13
FLORIANOPOLIS - SC,2015-08-31,2,0.5,85636,ADAO ROBERTO RODRIGUES VILLAVERDE,372.39,0.0,2015-08-31
BRASILIA - DF,2015-10-05,2,0.5,86353,ADAO ROBERTO RODRIGUES VILLAVERDE,372.39,150.0,2015-10-05
SAO PAULO - SP,2015-12-03,2,1.0,87884,ADAO ROBERTO RODRIGUES VILLAVERDE,744.77,534.37,2015-12-04
BRASILIA - DF,2015-05-26,0,0.5,83575,ADILSON TROCA,372.39,51.0,2015-05-26
BRASILIA - DF,2015-03-02,3,2.5,81570,ADOLFO JOSE BRITO,1861.93,0.0,2015-03-04
BRASILIA - DF,2015-05-26,3,2.5,83622,ADOLFO JOSE BRITO,1861.93,0.0,2015-05-28
VITORIA - ES,2015-06-10,2,3.5,83913,ADOLFO JOSE BRITO,2606.7,0.0,2015-06-13
BRASILIA - DF,2015-07-07,3,1.5,84495,ADOLFO JOSE BRITO,1117.16,182.72,2015-07-08
BRASILIA - DF,2015-08-26,2,1.5,85540,ADOLFO JOSE BRITO,1117.16,0.0,2015-08-27
BRASILIA - DF,2015-09-01,2,1.0,85840,ADOLFO JOSE BRITO,744.77,0.0,2015-09-02
BRASILIA - DF,2015-09-14,2,1.0,85996,ADOLFO JOSE BRITO,744.77,0.0,2015-09-15
BRASILIA - DF,2015-10-27,3,1.0,87072,ADOLFO JOSE BRITO,744.77,0.0,2015-10-28
BRASILIA - DF,2015-05-26,2,2.5,83652,ALEXANDRE POSTAL,1861.93,0.0,2015-05-28
BRASILIA - DF,2015-11-25,2,1.0,87554,ALEXANDRE POSTAL,744.77,0.0,2015-11-26
BRASILIA - DF,2015-02-10,3,0.5,81145,ALOISIO TALSO CLASSMANN,372.39,0.0,2015-02-10
CHAPECO - SC,2015-04-10,1,0.5,82423,ALTEMIR ANTONIO TORTELLI,372.39,0.0,2015-04-10
BRASILIA - DF,2015-05-13,2,1.5,83265,ALTEMIR ANTONIO TORTELLI,1117.16,0.0,2015-05-14
SAO BERNARDO DO CAMPO - SP,2015-08-06,2,0.5,85087,ALTEMIR ANTONIO TORTELLI,372.39,0.0,2015-08-06
BRASILIA - DF,2015-10-14,2,1.0,86596,ALTEMIR ANTONIO TORTELLI,744.77,0.0,2015-10-15
ATIBAIA - SP,2015-11-09,2,1.0,87172,ALTEMIR ANTONIO TORTELLI,744.77,0.0,2015-11-10
"CASCAVEL - PR,  MARINGA - PR",2015-03-12,2,2.5,81830,ALVARO DAVI BOESSIO,1861.93,0.0,2015-03-14
SAO PAULO - SP,2015-03-17,2,2.5,81896,ALVARO DAVI BOESSIO,1861.93,0.0,2015-03-19
CIANORTE - PR,2015-04-11,4,4.5,82534,ALVARO DAVI BOESSIO,3351.47,0.0,2015-04-15
BRASILIA - DF,2015-05-26,2,2.5,83675,ALVARO DAVI BOESSIO,1861.93,0.0,2015-05-28
VITORIA - ES,2015-06-10,2,2.5,83948,ALVARO DAVI BOESSIO,1861.93,0.0,2015-06-12
BRASILIA - DF,2015-01-12,2,1.5,80957,ANA INES AFFONSO,884.22,72.12,2015-01-13
BRASILIA - DF,2015-01-01,2,1.5,80845,ANTONIO CARLOS GOMES DA SILVA,884.22,0.0,2015-01-02
BRASILIA - DF,2015-05-11,2,1.5,83223,ANTONIO VALDECI OLIVEIRA DE OLIVEIRA,1117.16,65.9,2015-05-12
BRASILIA - DF,2015-08-19,2,1.5,85399,ANTONIO VALDECI OLIVEIRA DE OLIVEIRA,1117.16,41.0,2015-08-20
BRASILIA - DF,2015-10-20,2,1.0,86839,ANTONIO VALDECI OLIVEIRA DE OLIVEIRA,744.77,46.05,2015-10-21
BRASILIA - DF,2015-11-16,3,1.0,87373,ANTONIO VALDECI OLIVEIRA DE OLIVEIRA,744.77,0.0,2015-11-17
BRASILIA - DF,2015-11-30,1,0.5,87681,ANTONIO VALDECI OLIVEIRA DE OLIVEIRA,372.39,0.0,2015-11-30
BRASILIA - DF,2015-12-01,1,1.5,87681,ANTONIO VALDECI OLIVEIRA DE OLIVEIRA,1117.16,22.4,2015-12-02
BRASILIA - DF,2015-05-26,2,2.5,83684,ANY MACHADO ORTIZ,1861.93,336.04,2015-05-28
"BRASILIA - DF,  RIO DE JANEIRO - RJ",2015-09-02,3,2.0,85822,ANY MACHADO ORTIZ,1489.54,0.0,2015-09-04
BRASILIA - DF,2015-10-14,2,0.5,86594,ANY MACHADO ORTIZ,372.39,119.0,2015-10-14
BRASILIA - DF,2015-02-22,3,1.5,81373,CIRO CARLOS EMERIM SIMONI,1117.16,0.0,2015-02-23
VITORIA - ES,2015-03-08,4,1.5,81698,CIRO CARLOS EMERIM SIMONI,1117.16,0.0,2015-03-09
VITORIA - ES,2015-05-10,3,1.5,83173,CIRO CARLOS EMERIM SIMONI,1117.16,0.0,2015-05-11
BRASILIA - DF,2015-05-21,2,0.5,83563,CIRO CARLOS EMERIM SIMONI,372.39,0.0,2015-05-21
VITORIA - ES,2015-06-10,4,2.5,84043,CIRO CARLOS EMERIM SIMONI,1861.93,0.0,2015-06-12
BRASILIA - DF,2015-06-30,1,0.5,84398,CIRO CARLOS EMERIM SIMONI,372.39,0.0,2015-06-30
BRASILIA - DF,2015-07-01,1,1.0,84398,CIRO CARLOS EMERIM SIMONI,744.77,0.0,2015-07-01
BRASILIA - DF,2015-07-09,2,1.5,84602,CIRO CARLOS EMERIM SIMONI,1117.16,0.0,2015-07-10
FOZ DO IGUACU - PR,2015-10-15,2,1.0,86316,CIRO CARLOS EMERIM SIMONI,744.77,0.0,2015-10-16
PALMAS - TO,2015-11-18,5,1.0,87467,CIRO CARLOS EMERIM SIMONI,744.77,0.0,2015-11-19
BRASILIA - DF,2015-12-04,2,1.0,87470,CIRO CARLOS EMERIM SIMONI,744.77,0.0,2015-12-05
BRASILIA - DF,2015-02-24,2,1.5,81386,EDSON MEURER BRUM,1117.16,0.0,2015-02-25
BRASILIA - DF,2015-05-26,2,2.5,83619,EDSON MEURER BRUM,1861.93,0.0,2015-05-28
BRASILIA - DF,2015-08-18,2,1.5,85325,EDSON MEURER BRUM,1117.16,0.0,2015-08-19
SAO PAULO - SP,2015-08-23,1,1.5,85493,EDSON MEURER BRUM,1117.16,0.0,2015-08-24
BRASILIA - DF,2015-09-02,2,0.5,85724,EDSON MEURER BRUM,372.39,0.0,2015-09-02
BRASILIA - DF,2015-10-13,2,1.0,86365,EDSON MEURER BRUM,744.77,0.0,2015-10-14
BRASILIA - DF,2015-10-13,2,1.0,86365,EDSON MEURER BRUM,744.77,0.0,2015-10-14
BRASILIA - DF,2015-05-25,2,2.5,83589,EDUARDO DEBACCO LOUREIRO,1861.93,0.0,2015-05-27
BRASILIA - DF,2015-07-07,2,1.5,84496,EDUARDO DEBACCO LOUREIRO,1117.16,354.2,2015-07-08
BRASILIA - DF,2015-08-19,2,1.5,85477,EDUARDO DEBACCO LOUREIRO,1117.16,398.2,2015-08-20
BRASILIA - DF,2015-11-11,2,1.0,87286,EDUARDO DEBACCO LOUREIRO,744.77,0.0,2015-11-12
BRASILIA - DF,2015-02-09,2,1.5,81153,ELTON ROBERTO WEBER,1117.16,0.0,2015-02-10
SAO PAULO - SP,2015-03-02,2,0.5,81480,ELTON ROBERTO WEBER,372.39,0.0,2015-03-02
BRASILIA - DF,2015-04-07,2,1.5,82334,ELTON ROBERTO WEBER,1117.16,0.0,2015-04-08
BRASILIA - DF,2015-05-25,2,2.5,83611,ELTON ROBERTO WEBER,1861.93,19.26,2015-05-27
BRASILIA - DF,2015-08-11,3,1.5,85200,ELTON ROBERTO WEBER,1117.16,20.51,2015-08-12
FLORIANOPOLIS - SC,2015-08-19,2,1.5,85432,ELTON ROBERTO WEBER,1117.16,248.4,2015-08-20
BRASILIA - DF,2015-08-25,2,0.5,85489,ELTON ROBERTO WEBER,372.39,21.86,2015-08-25
BRASILIA - DF,2015-10-13,1,0.5,86569,ELTON ROBERTO WEBER,372.39,0.0,2015-10-13
BRASILIA - DF,2015-10-14,1,0.5,86569,ELTON ROBERTO WEBER,372.39,16.56,2015-10-14
BRASILIA - DF,2015-11-10,2,0.5,87197,ELTON ROBERTO WEBER,372.39,0.0,2015-11-10
SAO PAULO - SP,2015-02-11,2,1.5,81216,FREDERICO CANTORI ANTUNES,1117.16,0.0,2015-02-12
BRASILIA - DF,2015-03-10,2,1.5,81718,FREDERICO CANTORI ANTUNES,1117.16,0.0,2015-03-11
"TABATINGA - AM,  MANAUS - AM",2015-05-06,3,2.5,83095,FREDERICO CANTORI ANTUNES,1861.93,0.0,2015-05-08
BRASILIA - DF,2015-06-30,1,0.5,84362,FREDERICO CANTORI ANTUNES,372.39,0.0,2015-06-30
BRASILIA - DF,2015-07-01,1,1.0,84362,FREDERICO CANTORI ANTUNES,744.77,0.0,2015-07-01
RIO DE JANEIRO - RJ,2015-09-01,2,1.0,85697,FREDERICO CANTORI ANTUNES,744.77,0.0,2015-09-02
"SAO PAULO - SP,  FLORIANOPOLIS - SC",2015-09-16,3,2.0,86105,FREDERICO CANTORI ANTUNES,1489.54,0.0,2015-09-18
FOZ DO IGUACU - PR,2015-10-15,2,1.0,86629,FREDERICO CANTORI ANTUNES,744.77,0.0,2015-10-16
BRASILIA - DF,2015-01-06,2,0.5,80876,GABRIEL VIEIRA DE SOUZA,294.74,0.0,2015-01-06
BRASILIA - DF,2015-04-28,2,1.5,82888,GABRIEL VIEIRA DE SOUZA,1117.16,50.0,2015-04-29
VITORIA - ES,2015-06-10,4,2.5,83986,GABRIEL VIEIRA DE SOUZA,1861.93,531.3,2015-06-12
BRASILIA - DF,2015-07-12,2,1.5,84613,GABRIEL VIEIRA DE SOUZA,1117.16,79.73,2015-07-13
"FLORIANOPOLIS - SC,  PALHOCA - SC,  BIGUACU - SC",2015-08-19,2,1.5,85440,GABRIEL VIEIRA DE SOUZA,1117.16,200.08,2015-08-20
BRASILIA - DF,2015-10-07,2,0.5,86489,GABRIEL VIEIRA DE SOUZA,372.39,348.5,2015-10-07
POCOS DE CALDAS - MG,2015-05-27,2,2.5,83705,GERSON LUÍS DE BORBA,1861.93,320.0,2015-05-29
BRASILIA - DF,2015-06-08,3,2.5,83894,GERSON LUÍS DE BORBA,1861.93,506.0,2015-06-10
BRASILIA - DF,2015-07-15,3,1.5,84719,GERSON LUÍS DE BORBA,1117.16,250.25,2015-07-16
BRASILIA - DF,2015-08-18,2,2.5,85343,GERSON LUÍS DE BORBA,1861.93,500.5,2015-08-20
RIO DE JANEIRO - RJ,2015-10-05,2,3.0,86464,GERSON LUÍS DE BORBA,2234.31,0.0,2015-10-08
BRASILIA - DF,2015-02-24,2,2.5,81380,GILBERTO CAPOANI,1861.93,0.0,2015-02-26
BRASILIA - DF,2015-03-16,2,3.5,81903,GILBERTO CAPOANI,2606.7,0.0,2015-03-19
VITORIA - ES,2015-06-10,1,2.5,84020,GILBERTO CAPOANI,1861.93,0.0,2015-06-12
BRASILIA - DF,2015-09-09,2,2.0,85947,GILBERTO CAPOANI,1489.54,0.0,2015-09-11
BRASILIA - DF,2015-11-25,2,2.0,87596,GILBERTO CAPOANI,1489.54,0.0,2015-11-27
BRASILIA - DF,2015-12-02,2,2.0,87786,GILBERTO CAPOANI,1489.54,0.0,2015-12-04
BRASILIA - DF,2015-01-13,2,0.5,80919,GILMAR SOSSELLA,294.74,0.0,2015-01-13
"BRASILIA - DF,  SAO PAULO - SP",2015-05-12,0,1.5,83345,GILMAR SOSSELLA,1117.16,0.0,2015-05-13
BRASILIA - DF,2015-05-26,0,2.5,83658,GILMAR SOSSELLA,1861.93,0.0,2015-05-28
BRASILIA - DF,2015-06-22,0,1.5,84196,GILMAR SOSSELLA,1117.16,0.0,2015-06-23
BRASILIA - DF,2015-08-04,0,1.5,85081,GILMAR SOSSELLA,1117.16,0.0,2015-08-05
BRASILIA - DF,2015-08-19,0,1.5,85405,GILMAR SOSSELLA,1117.16,0.0,2015-08-20
BRASILIA - DF,2015-09-01,2,2.0,85727,GILMAR SOSSELLA,1489.54,0.0,2015-09-03
RIO DE JANEIRO - RJ,2015-12-02,2,1.0,87844,GILMAR SOSSELLA,744.77,0.0,2015-12-03
BRASILIA - DF,2015-01-22,2,1.5,81030,HEITOR JOSE SCHUCH,884.22,0.0,2015-01-23
BRASILIA - DF,2015-02-09,3,1.5,81149,JEFERSON OLIVEIRA FERNANDES,1117.16,0.0,2015-02-10
BRASILIA - DF,2015-05-05,2,1.5,83100,JEFERSON OLIVEIRA FERNANDES,1117.16,0.0,2015-05-06
BRASILIA - DF,2015-05-26,2,2.5,83730,JEFERSON OLIVEIRA FERNANDES,1861.93,0.0,2015-05-28
BARRACAO - PR,2015-10-22,0,2.0,87002,JEFERSON OLIVEIRA FERNANDES,1489.54,190.0,2015-10-24
BRASILIA - DF,2015-04-01,2,0.5,82241,JOAO EDEGAR PRETTO,372.39,0.0,2015-04-01
BRASILIA - DF,2015-05-13,2,1.5,83283,JOAO EDEGAR PRETTO,1117.16,0.0,2015-05-14
FOZ DO IGUACU - PR,2015-06-25,4,0.5,84210,JOAO EDEGAR PRETTO,372.39,0.0,2015-06-25
BRASILIA - DF,2015-08-05,2,0.5,85068,JOAO EDEGAR PRETTO,372.39,0.0,2015-08-05
BRASILIA - DF,2015-08-19,2,0.5,85328,JOAO EDEGAR PRETTO,372.39,0.0,2015-08-19
SAO BERNARDO DO CAMPO - SP,2015-10-14,2,0.5,86583,JOAO EDEGAR PRETTO,372.39,0.0,2015-10-14
BRASILIA - DF,2015-12-02,2,0.5,87733,JOAO EDEGAR PRETTO,372.39,0.0,2015-12-02
ORLEANS - SC,2015-02-09,0,0.5,81129,JOAO ERVINO FISCHER,372.39,0.0,2015-02-09
BRASILIA - DF,2015-03-17,2,0.5,81845,JOAO ERVINO FISCHER,372.39,0.0,2015-03-17
BRASILIA - DF,2015-08-05,2,0.5,85085,JOAO ERVINO FISCHER,372.39,47.63,2015-08-05
"FRANCA - SP,  PORTO FERREIRA - SP",2015-09-02,4,3.0,85772,JOAO ERVINO FISCHER,2234.31,0.0,2015-09-05
BRASILIA - DF,2015-09-28,2,1.0,86273,JOAO ERVINO FISCHER,744.77,0.0,2015-09-29
GOIANIA - GO,2015-11-10,1,3.0,87012,JOAO ERVINO FISCHER,2234.31,0.0,2015-11-13
BRASILIA - DF,2015-03-22,2,3.5,81825,JOÃO OTÁVIO REINELLI,2606.7,0.0,2015-03-25
CHAPECO - SC,2015-04-22,0,2.5,82746,JOÃO OTÁVIO REINELLI,1861.93,365.6,2015-04-24
BRASILIA - DF,2015-09-27,2,3.0,86285,JOÃO OTÁVIO REINELLI,2234.31,0.0,2015-09-30
SAO PAULO - SP,2015-08-11,2,1.5,85213,JORGE CLADISTONE POZZOBOM,1117.16,103.77,2015-08-12
BRASILIA - DF,2015-09-02,2,0.5,85729,JORGE CLADISTONE POZZOBOM,372.39,0.0,2015-09-02
BRASILIA - DF,2015-11-16,3,1.0,87339,JORGE CLADISTONE POZZOBOM,744.77,341.0,2015-11-17
BRASILIA - DF,2015-04-07,2,3.5,82377,JOSE ANTONIO JUNIOR FROZZA PALADINI,2606.7,0.0,2015-04-10
VITORIA - ES,2015-05-11,4,0.5,83135,JOSE ANTONIO JUNIOR FROZZA PALADINI,372.39,0.0,2015-05-11
BRASILIA - DF,2015-05-25,0,2.5,83614,JOSE ANTONIO JUNIOR FROZZA PALADINI,1861.93,522.5,2015-05-27
VITORIA - ES,2015-06-11,0,1.5,84050,JOSE ANTONIO JUNIOR FROZZA PALADINI,1117.16,246.32,2015-06-12
BRASILIA - DF,2015-08-11,2,1.5,85207,JOSE ANTONIO JUNIOR FROZZA PALADINI,1117.16,0.0,2015-08-12
FOZ DO IGUACU - PR,2015-10-15,2,1.0,86662,JOSE ANTONIO JUNIOR FROZZA PALADINI,744.77,0.0,2015-10-16
VITORIA - ES,2015-11-09,0,1.0,87205,JOSE ANTONIO JUNIOR FROZZA PALADINI,744.77,0.0,2015-11-10
BRASILIA - DF,2015-12-03,0,2.0,87790,JOSE ANTONIO JUNIOR FROZZA PALADINI,1489.54,460.0,2015-12-05
BRASILIA - DF,2015-03-03,2,1.5,81536,JOSÉ SIDNEY NUNES DE ALMEIDA,1117.16,370.51,2015-03-04
BRASILIA - DF,2015-05-13,2,0.5,83241,JOSÉ SIDNEY NUNES DE ALMEIDA,372.39,67.23,2015-05-13
BRASILIA - DF,2015-08-06,2,0.5,85109,JOSÉ SIDNEY NUNES DE ALMEIDA,372.39,12.8,2015-08-06
"RIO DE JANEIRO - RJ,  BRASILIA - DF",2015-11-18,3,2.0,87513,JOSÉ SIDNEY NUNES DE ALMEIDA,1489.54,11.6,2015-11-20
BRASILIA - DF,2015-03-11,0,0.5,81719,JULIANO ROSO,372.39,82.25,2015-03-11
CHAPECO - SC,2015-04-22,0,1.5,82758,JULIANO ROSO,1117.16,242.96,2015-04-23
BRASILIA - DF,2015-04-29,2,1.5,82943,JULIANO ROSO,1117.16,289.0,2015-04-30
BRASILIA - DF,2015-05-12,0,0.5,83275,JULIANO ROSO,372.39,77.1,2015-05-12
BRASILIA - DF,2015-05-26,3,2.5,83315,JULIANO ROSO,1861.93,112.92,2015-05-28
VITORIA - ES,2015-06-10,2,2.5,83543,JULIANO ROSO,1861.93,0.0,2015-06-12
RIO DE JANEIRO - RJ,2015-06-22,2,1.5,84208,JULIANO ROSO,1117.16,229.28,2015-06-23
BRASILIA - DF,2015-10-07,2,1.0,86645,JULIANO ROSO,744.77,227.4,2015-10-08
BRASILIA - DF,2015-05-26,2,1.5,83605,LIZIANE BAYER DA COSTA,1117.16,0.0,2015-05-27
CURITIBA - PR,2015-06-17,2,1.5,84044,LIZIANE BAYER DA COSTA,1117.16,274.05,2015-06-18
BRASILIA - DF,2015-10-13,0,1.0,86588,LIZIANE BAYER DA COSTA,744.77,405.05,2015-10-14
FLORIANOPOLIS - SC,2015-01-22,2,0.5,81055,LUIS AUGUSTO BARCELLOS LARA,294.74,0.0,2015-01-22
RIO DE JANEIRO - RJ,2015-02-04,2,1.5,81161,LUIS AUGUSTO BARCELLOS LARA,1117.16,0.0,2015-02-05
FLORIANOPOLIS - SC,2015-04-01,2,0.5,82372,LUIS AUGUSTO BARCELLOS LARA,372.39,0.0,2015-04-01
CRICIUMA - SC,2015-05-12,2,0.5,83256,LUIS AUGUSTO BARCELLOS LARA,372.39,0.0,2015-05-12
FLORIANOPOLIS - SC,2015-06-12,2,1.5,83931,LUIS AUGUSTO BARCELLOS LARA,1117.16,359.78,2015-06-13
RIO DE JANEIRO - RJ,2015-08-03,1,0.5,85132,LUIS AUGUSTO BARCELLOS LARA,372.39,0.0,2015-08-03
FLORIANOPOLIS - SC,2015-08-12,0,0.5,85475,LUIS AUGUSTO BARCELLOS LARA,372.39,62.13,2015-08-12
BRASILIA - DF,2015-08-19,2,0.5,85545,LUIS AUGUSTO BARCELLOS LARA,372.39,0.0,2015-08-19
BRASILIA - DF,2015-12-03,2,0.5,87919,LUIS AUGUSTO BARCELLOS LARA,372.39,0.0,2015-12-03
FLORIANOPOLIS - SC,2015-01-08,0,1.5,80925,LUIZ FERNANDO MAINARDI,884.22,496.1,2015-01-09
BRASILIA - DF,2015-03-04,2,0.5,81533,LUIZ FERNANDO MAINARDI,372.39,0.0,2015-03-04
BRASILIA - DF,2015-08-17,0,0.5,85097,LUIZ FERNANDO MAINARDI,372.39,50.53,2015-08-17
SAO PAULO - SP,2015-02-26,0,1.5,81413,MANUELA PINTO VIEIRA D\' AVILA,1117.16,248.25,2015-02-27
SAO PAULO - SP,2015-05-14,2,1.5,83301,MANUELA PINTO VIEIRA D\' AVILA,1117.16,0.0,2015-05-15
CHAPECO - SC,2015-04-22,0,2.5,82827,MARCELO PIRES MORAES,1861.93,276.4,2015-04-24
BRASILIA - DF,2015-05-26,2,2.5,83638,MÁRIO JARDEL ALMEIDA RIBEIRO,1861.93,0.0,2015-05-28
VITORIA - ES,2015-06-09,2,3.5,83930,MÁRIO JARDEL ALMEIDA RIBEIRO,2606.7,0.0,2015-06-12
SORRISO - MT,2015-07-03,4,3.5,84475,MÁRIO JARDEL ALMEIDA RIBEIRO,2606.7,0.0,2015-07-06
BRASILIA - DF,2015-10-01,3,1.0,86415,MÁRIO JARDEL ALMEIDA RIBEIRO,744.77,183.75,2015-10-02
BRASILIA - DF,2015-01-22,2,2.5,81014,MARISA VIRGINIA FORMOLO DALLA VECCHIA,1473.7,0.0,2015-01-24
BRASILIA - DF,2015-02-11,2,1.5,81258,MAURICIO ALEXANDRE DZIEDRICKI,1117.16,0.0,2015-02-12
BRASILIA - DF,2015-05-27,0,1.5,83748,MAURICIO ALEXANDRE DZIEDRICKI,1117.16,0.0,2015-05-28
BRASILIA - DF,2015-08-19,2,2.5,85428,MAURICIO ALEXANDRE DZIEDRICKI,1861.93,0.0,2015-08-21
BRASILIA - DF,2015-05-26,0,2.5,83339,MIGUEL CONSTANTINO ROSSO BIANCHINI,1861.93,532.0,2015-05-28
BRASILIA - DF,2015-02-01,2,3.5,81090,MIRIAM PAZ GARCEZ MARRONI,2063.18,220.0,2015-02-04
BRASILIA - DF,2015-03-04,0,0.5,81714,MIRIAM PAZ GARCEZ MARRONI,372.39,88.5,2015-03-04
BRASILIA - DF,2015-05-26,0,1.5,83759,MIRIAM PAZ GARCEZ MARRONI,1117.16,21.5,2015-05-27
SAO PAULO - SP,2015-08-04,0,1.5,84630,MIRIAM PAZ GARCEZ MARRONI,1117.16,0.0,2015-08-05
RIO DE JANEIRO - RJ,2015-08-20,1,0.5,85682,MIRIAM PAZ GARCEZ MARRONI,372.39,0.0,2015-08-20
BRASILIA - DF,2015-06-08,0,1.5,84024,NELSON LUIZ DA SILVA,1117.16,280.5,2015-06-09
BRASILIA - DF,2015-08-11,0,1.5,85205,NELSON LUIZ DA SILVA,1117.16,352.55,2015-08-12
SAO BERNARDO DO CAMPO - SP,2015-10-13,2,1.0,86637,NELSON LUIZ DA SILVA,744.77,0.0,2015-10-14
BRASILIA - DF,2015-06-16,2,0.5,83763,PEDRO LUIZ FAGUNDES RUAS,372.39,100.0,2015-06-16
RIO DE JANEIRO - RJ,2015-09-02,0,2.5,85270,PEDRO LUIZ FAGUNDES RUAS,1861.93,0.0,2015-09-04
RIO DE JANEIRO - RJ,2015-09-02,0,2.5,85270,PEDRO LUIZ FAGUNDES RUAS,1861.93,0.0,2015-09-04
"BRASILIA - DF,  SAO PAULO - SP",2015-05-26,3,2.5,83670,PEDRO OZORIO PEREIRA,1861.93,0.0,2015-05-28
MANAUS - AM,2015-01-28,2,2.5,80940,RAUL JORGE ANGLADA PONT,1473.7,0.0,2015-01-30
BRASILIA - DF,2015-03-02,2,0.5,81564,REGINA MARIA BECKER,372.39,49.87,2015-03-02
BRASILIA - DF,2015-04-07,2,2.5,82508,REGINA MARIA BECKER,1861.93,131.3,2015-04-09
BRASILIA - DF,2015-04-28,2,1.5,82874,REGINA MARIA BECKER,1117.16,0.0,2015-04-29
BRASILIA - DF,2015-06-16,2,0.5,84010,REGINA MARIA BECKER,372.39,0.0,2015-06-16
CRICIUMA - SC,2015-10-14,0,0.5,86576,REGINA MARIA BECKER,372.39,3.5,2015-10-14
BRASILIA - DF,2015-11-17,2,0.5,87369,REGINA MARIA BECKER,372.39,28.8,2015-11-17
BRASILIA - DF,2015-02-09,3,3.5,81171,RONALDO SANTINI,2606.7,0.0,2015-02-12
BRASILIA - DF,2015-03-16,2,3.5,81908,RONALDO SANTINI,2606.7,0.0,2015-03-19
BRASILIA - DF,2015-05-26,2,2.5,83206,RONALDO SANTINI,1861.93,0.0,2015-05-28
BRASILIA - DF,2015-07-06,2,2.5,84590,RONALDO SANTINI,1861.93,0.0,2015-07-08
BRASILIA - DF,2015-08-03,2,2.5,85196,RONALDO SANTINI,1861.93,0.0,2015-08-05
SAO PAULO - SP,2015-08-24,2,0.5,85536,RONALDO SANTINI,372.39,0.0,2015-08-24
SALVADOR - BA,2015-09-23,2,2.0,86271,RONALDO SANTINI,1489.54,0.0,2015-09-25
BRASILIA - DF,2015-11-10,2,0.5,87209,RONALDO SANTINI,372.39,0.0,2015-11-10
BRASILIA - DF,2015-11-18,2,1.0,87489,RONALDO SANTINI,744.77,0.0,2015-11-19
BRASILIA - DF,2015-04-05,2,3.5,82502,SERGIO BERGONSI TURRA,2606.7,130.48,2015-04-08
BRASILIA - DF,2015-06-09,2,1.5,83999,SERGIO BERGONSI TURRA,1117.16,88.55,2015-06-10
SAO PAULO - SP,2015-07-27,2,3.5,85053,SERGIO BERGONSI TURRA,2606.7,51.5,2015-07-30
"FLORIANOPOLIS - SC,  PALHOCA - SC,  BIGUACU - SC",2015-08-19,2,1.5,85353,SERGIO BERGONSI TURRA,1117.16,139.18,2015-08-20
BRASILIA - DF,2015-10-13,2,3.0,86756,SERGIO BERGONSI TURRA,2234.31,341.06,2015-10-16
BRASILIA - DF,2015-03-01,2,4.5,81562,SERGIO PERES ALÓS,3351.47,0.0,2015-03-05
SAO PAULO - SP,2015-03-13,0,1.5,82040,SERGIO PERES ALÓS,1117.16,0.0,2015-03-14
BRASILIA - DF,2015-08-24,0,1.5,85516,SERGIO PERES ALÓS,1117.16,431.0,2015-08-25
BRASILIA - DF,2015-10-05,2,5.0,86599,SERGIO PERES ALÓS,3723.85,0.0,2015-10-10
GARUVA - SC,2015-11-20,0,0.5,87589,SERGIO PERES ALÓS,372.39,30.0,2015-11-20
SAO PAULO - SP,2015-11-21,0,0.5,87594,SERGIO PERES ALÓS,372.39,205.04,2015-11-21
TUBARAO - SC,2015-11-22,0,0.5,87597,SERGIO PERES ALÓS,372.39,130.0,2015-11-22
BRASILIA - DF,2015-01-31,1,0.5,81089,SILVANA MARIA FRANCISCATTO COVATTI,294.74,0.0,2015-01-31
BRASILIA - DF,2015-02-01,1,2.0,81089,SILVANA MARIA FRANCISCATTO COVATTI,1178.96,0.0,2015-02-02
BRASILIA - DF,2015-03-12,1,1.5,81811,SILVANA MARIA FRANCISCATTO COVATTI,1117.16,0.0,2015-03-13
BRASILIA - DF,2015-05-07,1,1.5,83093,SILVANA MARIA FRANCISCATTO COVATTI,1117.16,0.0,2015-05-08
VITORIA - ES,2015-06-10,3,2.5,83960,SILVANA MARIA FRANCISCATTO COVATTI,1861.93,0.0,2015-06-12
BRASILIA - DF,2015-06-15,1,0.5,83960,SILVANA MARIA FRANCISCATTO COVATTI,372.39,0.0,2015-06-15
FORTALEZA - CE,2015-07-02,2,1.5,84425,SILVANA MARIA FRANCISCATTO COVATTI,1117.16,0.0,2015-07-03
BRASILIA - DF,2015-07-09,2,2.5,84558,SILVANA MARIA FRANCISCATTO COVATTI,1861.93,0.0,2015-07-11
BRASILIA - DF,2015-07-15,2,1.5,84733,SILVANA MARIA FRANCISCATTO COVATTI,1117.16,0.0,2015-07-16
BRASILIA - DF,2015-09-01,2,2.0,85686,SILVANA MARIA FRANCISCATTO COVATTI,1489.54,0.0,2015-09-03
BRASILIA - DF,2015-10-14,2,1.0,86577,SILVANA MARIA FRANCISCATTO COVATTI,744.77,0.0,2015-10-15
BRASILIA - DF,2015-03-04,2,1.5,81573,STELA BEATRIZ FARIAS LOPES,1117.16,0.0,2015-03-05
BRASILIA - DF,2015-03-11,2,0.5,81737,STELA BEATRIZ FARIAS LOPES,372.39,0.0,2015-03-11
RIO DE JANEIRO - RJ,2015-06-18,2,1.5,83900,STELA BEATRIZ FARIAS LOPES,1117.16,0.0,2015-06-19
BRASILIA - DF,2015-07-29,2,0.5,84958,STELA BEATRIZ FARIAS LOPES,372.39,0.0,2015-07-29
BRASILIA - DF,2015-09-24,2,1.0,86164,STELA BEATRIZ FARIAS LOPES,744.77,0.0,2015-09-25
BRASILIA - DF,2015-10-14,2,0.5,86607,STELA BEATRIZ FARIAS LOPES,372.39,0.0,2015-10-14
BRASILIA - DF,2015-03-05,1,1.5,81588,TARCISIO JOÃO ZIMMERMANN,1117.16,41.51000000000001,2015-03-06
BRASILIA - DF,2015-05-05,2,0.5,83021,TARCISIO JOÃO ZIMMERMANN,372.39,0.0,2015-05-05
SAO PAULO - SP,2015-07-06,2,0.5,84411,TARCISIO JOÃO ZIMMERMANN,372.39,33.0,2015-07-06
BRASILIA - DF,2015-08-03,2,1.5,85065,TARCISIO JOÃO ZIMMERMANN,1117.16,0.0,2015-08-04
BRASILIA - DF,2015-09-02,2,0.5,85693,TARCISIO JOÃO ZIMMERMANN,372.39,0.0,2015-09-02
BRASILIA - DF,2015-09-09,2,0.5,85836,TARCISIO JOÃO ZIMMERMANN,372.39,0.0,2015-09-09
BRASILIA - DF,2015-03-22,2,1.5,82051,VILMAR PERIN ZANCHIN,1117.16,95.15,2015-03-23
BRASILIA - DF,2015-04-22,2,2.5,82772,VILMAR PERIN ZANCHIN,1861.93,102.0,2015-04-24
BRASILIA - DF,2015-05-19,2,1.5,83472,VILMAR PERIN ZANCHIN,1117.16,71.13,2015-05-20
BRASILIA - DF,2015-05-26,2,3.5,83722,VILMAR PERIN ZANCHIN,2606.7,124.8,2015-05-29
VITORIA - ES,2015-06-10,1,2.5,83962,VILMAR PERIN ZANCHIN,1861.93,115.35,2015-06-12
BRASILIA - DF,2015-08-18,2,3.5,85495,VILMAR PERIN ZANCHIN,2606.7,157.5,2015-08-21
BRASILIA - DF,2015-11-17,2,2.0,87695,VILMAR PERIN ZANCHIN,1489.54,634.0,2015-11-19
BRASILIA - DF,2015-11-26,2,1.0,87706,VILMAR PERIN ZANCHIN,744.77,233.0,2015-11-27
BRASILIA - DF,2015-04-08,4,1.5,82375,VOLNEI DA SILVA ALVES,1117.16,0.0,2015-04-09
BRASILIA - DF,2015-05-26,2,1.5,83649,VOLNEI DA SILVA ALVES,1117.16,0.0,2015-05-27
FLORIANOPOLIS - SC,2015-07-06,2,0.5,84436,VOLNEI DA SILVA ALVES,372.39,0.0,2015-07-06
SAO PAULO - SP,2015-07-11,2,1.5,84672,VOLNEI DA SILVA ALVES,1117.16,62.5,2015-07-12
BRASILIA - DF,2015-10-14,2,0.5,86610,VOLNEI DA SILVA ALVES,372.39,0.0,2015-10-14
SAO PAULO - SP,2015-10-29,2,1.0,87023,VOLNEI DA SILVA ALVES,744.77,179.0,2015-10-30
CHAPECO - SC,2015-04-23,0,1.5,82849,ZILA MARIA BREITENBACH,1117.16,498.0,2015-04-24
BRASILIA - DF,2015-05-26,0,1.5,83598,ZILA MARIA BREITENBACH,1117.16,330.0,2015-05-27
VITORIA - ES,2015-06-10,3,3.5,83946,ZILA MARIA BREITENBACH,2606.7,0.0,2015-06-13
BRASILIA - DF,2015-08-12,2,0.5,85282,ZILA MARIA BREITENBACH,372.39,0.0,2015-08-12
FLORIANOPOLIS - SC,2015-08-19,2,1.5,85373,ZILA MARIA BREITENBACH,1117.16,0.0,2015-08-20
BRASILIA - DF,2016-03-14,2,0.5,89094,ADAO ROBERTO RODRIGUES VILLAVERDE,372.39,103.8,2016-03-14
RIO DE JANEIRO - RJ,2016-12-02,2,1.0,93904,ADAO ROBERTO RODRIGUES VILLAVERDE,744.77,0.0,2016-12-03
ARACAJU - SE,2016-06-01,1,3.0,90552,ADOLFO JOSE BRITO,2234.31,0.0,2016-06-04
BRASILIA - DF,2016-06-12,3,3.0,91324,ADOLFO JOSE BRITO,2234.31,0.0,2016-06-15
BRASILIA - DF,2016-07-05,3,2.0,91853,ADOLFO JOSE BRITO,1489.54,0.0,2016-07-07
BRASILIA - DF,2016-08-24,2,0.5,92741,ADOLFO JOSE BRITO,372.39,0.0,2016-08-24
BRASILIA - DF,2016-09-26,2,1.0,93102,ADOLFO JOSE BRITO,744.77,0.0,2016-09-27
BRASILIA - DF,2016-10-09,3,1.0,93203,ADOLFO JOSE BRITO,744.77,0.0,2016-10-10
BRASILIA - DF,2016-03-15,3,1.0,89177,ALEXANDRE POSTAL,744.77,0.0,2016-03-16
BRASILIA - DF,2016-03-23,3,1.0,89358,ALEXANDRE POSTAL,744.77,0.0,2016-03-24
BRASILIA - DF,2016-04-27,2,1.0,90072,ALEXANDRE POSTAL,744.77,0.0,2016-04-28
ARACAJU - SE,2016-06-01,2,2.0,90938,ALEXANDRE POSTAL,1489.54,0.0,2016-06-03
BRASILIA - DF,2016-07-10,3,2.0,91908,ALEXANDRE POSTAL,1489.54,0.0,2016-07-12
BRASILIA - DF,2016-06-14,1,0.5,91227,ALOISIO TALSO CLASSMANN,372.39,0.0,2016-06-14
BRASILIA - DF,2016-06-15,1,0.5,91227,ALOISIO TALSO CLASSMANN,372.39,0.0,2016-06-15
BRASILIA - DF,2016-03-15,2,1.0,89160,ALTEMIR ANTONIO TORTELLI,744.77,0.0,2016-03-16
BRASILIA - DF,2016-03-28,2,0.5,89381,ALTEMIR ANTONIO TORTELLI,372.39,0.0,2016-03-28
BRASILIA - DF,2016-05-03,3,1.0,90228,ALTEMIR ANTONIO TORTELLI,744.77,0.0,2016-05-04
BRASILIA - DF,2016-05-11,3,1.0,90430,ALTEMIR ANTONIO TORTELLI,744.77,0.0,2016-05-12
BRASILIA - DF,2016-05-23,3,1.0,90654,ALTEMIR ANTONIO TORTELLI,744.77,0.0,2016-05-24
SALVADOR - BA,2016-05-31,2,0.5,90855,ALTEMIR ANTONIO TORTELLI,372.39,0.0,2016-05-31
SALVADOR - BA,2016-06-01,2,0.5,90855,ALTEMIR ANTONIO TORTELLI,372.39,0.0,2016-06-01
CHAPECO - SC,2016-06-24,0,0.5,91459,ALTEMIR ANTONIO TORTELLI,372.39,20.0,2016-06-24
CHAPECO - SC,2016-10-13,0,1.0,93227,ALTEMIR ANTONIO TORTELLI,744.77,100.0,2016-10-14
ARACAJU - SE,2016-06-01,2,3.0,91068,ALVARO DAVI BOESSIO,2234.31,0.0,2016-06-04
FORTALEZA - CE,2016-09-15,3,3.0,93075,ALVARO DAVI BOESSIO,2234.31,0.0,2016-09-18
BRASILIA - DF,2016-10-23,2,3.0,93439,ALVARO DAVI BOESSIO,2234.31,0.0,2016-10-26
CAMPO GRANDE - MS,2016-11-10,4,3.0,93735,ALVARO DAVI BOESSIO,2234.31,0.0,2016-11-13
BRASILIA - DF,2016-04-11,0,1.0,89806,ANY MACHADO ORTIZ,744.77,356.99,2016-04-12
ARACAJU - SE,2016-06-01,2,2.0,90998,ANY MACHADO ORTIZ,1489.54,0.0,2016-06-03
BRASILIA - DF,2016-06-22,2,1.0,91405,ANY MACHADO ORTIZ,744.77,0.0,2016-06-23
BRASILIA - DF,2016-07-11,2,1.0,91915,ANY MACHADO ORTIZ,744.77,0.0,2016-07-12
SAO PAULO - SP,2016-12-01,2,1.0,93914,ANY MACHADO ORTIZ,744.77,0.0,2016-12-02
FORTALEZA - CE,2016-03-09,4,2.0,88632,CIRO CARLOS EMERIM SIMONI,1489.54,0.0,2016-03-11
ARACAJU - SE,2016-05-01,4,1.0,89711,CIRO CARLOS EMERIM SIMONI,744.77,0.0,2016-05-02
ARACAJU - SE,2016-05-31,2,0.5,90300,CIRO CARLOS EMERIM SIMONI,372.39,0.0,2016-05-31
ARACAJU - SE,2016-05-31,2,0.5,90300,CIRO CARLOS EMERIM SIMONI,372.39,0.0,2016-05-31
ARACAJU - SE,2016-06-01,2,4.5,90300,CIRO CARLOS EMERIM SIMONI,3351.47,0.0,2016-06-05
ARACAJU - SE,2016-06-01,2,4.5,90300,CIRO CARLOS EMERIM SIMONI,3351.47,0.0,2016-06-05
BRASILIA - DF,2016-07-10,2,1.0,91951,CIRO CARLOS EMERIM SIMONI,744.77,0.0,2016-07-11
RECIFE - PE,2016-12-01,1,1.0,93639,CIRO CARLOS EMERIM SIMONI,744.77,0.0,2016-12-02
BRASILIA - DF,2016-02-16,2,2.0,88595,EDSON MEURER BRUM,1489.54,0.0,2016-02-18
BRASILIA - DF,2016-05-17,2,2.0,90572,EDSON MEURER BRUM,1489.54,0.0,2016-05-19
BRASILIA - DF,2016-05-23,2,1.0,90840,EDSON MEURER BRUM,744.77,0.0,2016-05-24
BRASILIA - DF,2016-06-12,2,1.0,91221,EDSON MEURER BRUM,744.77,0.0,2016-06-13
BRASILIA - DF,2016-10-19,2,2.0,93315,EDSON MEURER BRUM,1489.54,0.0,2016-10-21
BRASILIA - DF,2016-05-04,0,1.0,90320,EDUARDO DEBACCO LOUREIRO,744.77,320.4,2016-05-05
BRASILIA - DF,2016-07-13,0,0.5,91928,EDUARDO DEBACCO LOUREIRO,372.39,55.09,2016-07-13
BRASILIA - DF,2016-04-05,2,1.0,89706,ELTON ROBERTO WEBER,744.77,12.52,2016-04-06
BRASILIA - DF,2016-04-27,2,1.0,90147,ELTON ROBERTO WEBER,744.77,0.0,2016-04-28
BRASILIA - DF,2016-05-23,4,1.0,90762,ELTON ROBERTO WEBER,744.77,0.0,2016-05-24
BRASILIA - DF,2016-06-23,4,0.5,91463,ELTON ROBERTO WEBER,372.39,0.0,2016-06-23
BRASILIA - DF,2016-07-04,3,0.5,91718,ELTON ROBERTO WEBER,372.39,0.0,2016-07-04
BRASILIA - DF,2016-10-18,2,1.0,93332,ELTON ROBERTO WEBER,744.77,0.0,2016-10-19
BRASILIA - DF,2016-02-10,2,1.0,88516,FREDERICO CANTORI ANTUNES,744.77,0.0,2016-02-11
BRASILIA - DF,2016-03-15,2,1.0,89190,FREDERICO CANTORI ANTUNES,744.77,0.0,2016-03-16
BRASILIA - DF,2016-06-27,2,0.5,91540,FREDERICO CANTORI ANTUNES,372.39,0.0,2016-06-27
BRASILIA - DF,2016-08-03,2,0.5,92447,FREDERICO CANTORI ANTUNES,372.39,0.0,2016-08-03
BRASILIA - DF,2016-11-07,2,1.0,93572,FREDERICO CANTORI ANTUNES,744.77,0.0,2016-11-08
BRASILIA - DF,2016-07-11,2,2.0,91918,GERSON LUÍS DE BORBA,1489.54,495.0,2016-07-13
BRASILIA - DF,2016-05-24,2,1.0,90874,GILBERTO CAPOANI,744.77,0.0,2016-05-25
ARACAJU - SE,2016-05-31,0,0.5,91031,GILBERTO CAPOANI,372.39,0.0,2016-05-31
ARACAJU - SE,2016-06-01,0,3.5,91031,GILBERTO CAPOANI,2606.7,0.0,2016-06-04
BRASILIA - DF,2016-07-05,2,2.0,91960,GILBERTO CAPOANI,1489.54,0.0,2016-07-07
BRASILIA - DF,2016-10-19,2,2.0,93445,GILBERTO CAPOANI,1489.54,0.0,2016-10-21
BRASILIA - DF,2016-03-15,2,3.0,89252,GILMAR SOSSELLA,2234.31,0.0,2016-03-18
BRASILIA - DF,2016-05-24,2,2.0,90885,GILMAR SOSSELLA,1489.54,0.0,2016-05-26
BRASILIA - DF,2016-07-05,2,2.0,91786,GILMAR SOSSELLA,1489.54,0.0,2016-07-07
CURITIBA - PR,2016-07-28,2,0.5,92306,GILMAR SOSSELLA,372.39,0.0,2016-07-28
FOZ DO IGUACU - PR,2016-10-04,2,1.0,93159,GILMAR SOSSELLA,744.77,0.0,2016-10-05
BRASILIA - DF,2016-10-19,2,1.0,93311,GILMAR SOSSELLA,744.77,224.4,2016-10-20
BRASILIA - DF,2016-12-13,2,1.0,94106,GILMAR SOSSELLA,744.77,0.0,2016-12-14
BRASILIA - DF,2016-12-02,0,0.5,93956,JEFERSON OLIVEIRA FERNANDES,372.39,0.0,2016-12-02
SAO PAULO - SP,2016-02-01,2,0.5,88401,JOAO EDEGAR PRETTO,372.39,0.0,2016-02-01
QUEDAS DO IGUACU - PR,2016-04-08,0,1.0,89692,JOAO EDEGAR PRETTO,744.77,155.0,2016-04-09
SAO PAULO - SP,2016-11-21,2,0.5,93711,JOAO EDEGAR PRETTO,372.39,0.0,2016-11-21
BRASILIA - DF,2016-12-07,3,1.0,93982,JOAO EDEGAR PRETTO,744.77,0.0,2016-12-08
BRASILIA - DF,2016-07-06,2,2.0,91783,JOAO ERVINO FISCHER,1489.54,0.0,2016-07-08
BRASILIA - DF,2016-09-14,2,0.5,93025,JOAO ERVINO FISCHER,372.39,0.0,2016-09-14
FLORIANOPOLIS - SC,2016-11-09,2,2.0,93616,JOAO ERVINO FISCHER,1489.54,0.0,2016-11-11
SAO PAULO - SP,2016-02-24,2,2.0,88762,JOÃO OTÁVIO REINELLI,1489.54,0.0,2016-02-26
BRASILIA - DF,2016-04-26,2,1.0,90047,JOÃO OTÁVIO REINELLI,744.77,0.0,2016-04-27
"SAO PAULO - SP,  ARACAJU - SE",2016-05-31,1,0.5,90981,JOÃO OTÁVIO REINELLI,372.39,0.0,2016-05-31
"SAO PAULO - SP,  ARACAJU - SE",2016-06-01,2,3.5,90981,JOÃO OTÁVIO REINELLI,2606.7,734.69,2016-06-04
BELO HORIZONTE - MG,2016-06-28,4,1.0,91555,JOÃO OTÁVIO REINELLI,744.77,0.0,2016-06-29
BRASILIA - DF,2016-07-05,3,2.0,91767,JOÃO OTÁVIO REINELLI,1489.54,0.0,2016-07-07
RIO DE JANEIRO - RJ,2016-07-20,1,3.0,92274,JOÃO OTÁVIO REINELLI,2234.31,0.0,2016-07-23
FLORIANOPOLIS - SC,2016-02-18,0,1.0,88730,JORGE CLADISTONE POZZOBOM,744.77,0.0,2016-02-19
BRASILIA - DF,2016-02-23,2,1.0,88734,JORGE CLADISTONE POZZOBOM,744.77,195.0,2016-02-24
SAO PAULO - SP,2016-03-14,2,0.5,89112,JORGE CLADISTONE POZZOBOM,372.39,0.0,2016-03-14
"SAO PAULO - SP,  RIO DE JANEIRO - RJ",2016-04-12,3,1.0,89791,JORGE CLADISTONE POZZOBOM,744.77,357.0,2016-04-13
BRASILIA - DF,2016-04-26,2,1.0,90051,JORGE CLADISTONE POZZOBOM,744.77,253.0,2016-04-27
"SAO PAULO - SP,  BRASILIA - DF",2016-11-23,0,2.0,93839,JORGE CLADISTONE POZZOBOM,1489.54,191.13,2016-11-25
BRASILIA - DF,2016-10-09,2,1.0,93194,JOSÉ SIDNEY NUNES DE ALMEIDA,744.77,170.0,2016-10-10
BRASILIA - DF,2016-10-25,2,0.5,93391,JOSÉ SIDNEY NUNES DE ALMEIDA,372.39,21.0,2016-10-25
BRASILIA - DF,2016-03-10,1,1.0,89101,JULIANO ROSO,744.77,0.0,2016-03-11
BRASILIA - DF,2016-03-14,1,0.5,89101,JULIANO ROSO,372.39,0.0,2016-03-14
BRASILIA - DF,2016-05-04,3,1.0,90482,JULIANO ROSO,744.77,0.0,2016-05-05
ARACAJU - SE,2016-05-31,2,0.5,90988,LIZIANE BAYER DA COSTA,372.39,0.0,2016-05-31
ARACAJU - SE,2016-06-01,2,2.5,90988,LIZIANE BAYER DA COSTA,1861.93,0.0,2016-06-03
BRASILIA - DF,2016-07-19,2,0.5,92184,LIZIANE BAYER DA COSTA,372.39,0.0,2016-07-19
FLORIANOPOLIS - SC,2016-01-27,0,1.0,88481,LUIS AUGUSTO BARCELLOS LARA,744.77,536.6,2016-01-28
BRASILIA - DF,2016-03-23,2,0.5,89521,LUIS AUGUSTO BARCELLOS LARA,372.39,0.0,2016-03-23
BRASILIA - DF,2016-04-14,2,1.0,90085,LUIS AUGUSTO BARCELLOS LARA,744.77,0.0,2016-04-15
BRASILIA - DF,2016-05-18,2,0.5,90927,LUIS AUGUSTO BARCELLOS LARA,372.39,0.0,2016-05-18
BRASILIA - DF,2016-04-27,2,1.0,90057,LUIZ FERNANDO MAINARDI,744.77,0.0,2016-04-28
BRASILIA - DF,2016-12-02,2,1.0,93938,LUIZ FERNANDO MAINARDI,744.77,0.0,2016-12-03
BRASILIA - DF,2016-03-15,2,1.0,89246,MANUELA PINTO VIEIRA D\' AVILA,744.77,0.0,2016-03-16
SAO PAULO - SP,2016-07-29,0,1.0,92237,MANUELA PINTO VIEIRA D\' AVILA,744.77,0.0,2016-07-30
SAO PAULO - SP,2016-12-02,0,1.0,93963,MANUELA PINTO VIEIRA D\' AVILA,744.77,0.0,2016-12-03
BRASILIA - DF,2016-06-13,1,2.0,91264,MARCELO PIRES MORAES,1489.54,172.79,2016-06-15
BRASILIA - DF,2016-10-09,2,3.0,93272,MARCELO PIRES MORAES,2234.31,0.0,2016-10-12
BRASILIA - DF,2016-10-17,2,2.0,93302,MARCELO PIRES MORAES,1489.54,0.0,2016-10-19
"CONCORDIA - SC,  CURITIBA - PR",2016-04-10,0,3.0,89810,MARLON ARATOR SANTOS DA ROSA,2234.31,462.85,2016-04-13
BRASILIA - DF,2016-02-23,2,2.0,88728,MAURICIO ALEXANDRE DZIEDRICKI,1489.54,0.0,2016-02-25
BRASILIA - DF,2016-03-10,2,1.0,89152,MAURICIO ALEXANDRE DZIEDRICKI,744.77,0.0,2016-03-11
"BRASILIA - DF,  SAO PAULO - SP",2016-04-28,3,1.0,90214,MAURICIO ALEXANDRE DZIEDRICKI,744.77,0.0,2016-04-29
"BRASILIA - DF,  BELEM - PA",2016-05-11,4,2.0,90631,MAURICIO ALEXANDRE DZIEDRICKI,1489.54,0.0,2016-05-13
CURITIBA - PR,2016-08-11,2,1.0,92574,MAURICIO ALEXANDRE DZIEDRICKI,744.77,0.0,2016-08-12
BRASILIA - DF,2016-11-30,2,0.5,93856,MAURICIO ALEXANDRE DZIEDRICKI,372.39,0.0,2016-11-30
BRASILIA - DF,2016-07-14,2,0.5,91773,MIRIAM PAZ GARCEZ MARRONI,372.39,0.0,2016-07-14
BRASILIA - DF,2016-03-22,0,1.0,89443,NELSON LUIZ DA SILVA,744.77,247.5,2016-03-23
BRASILIA - DF,2016-07-05,2,2.0,91882,NELSON LUIZ DA SILVA,1489.54,0.0,2016-07-07
BRASILIA - DF,2016-11-27,2,1.0,93840,NELSON LUIZ DA SILVA,744.77,170.5,2016-11-28
BRASILIA - DF,2016-04-27,2,0.5,90084,PEDRO LUIZ FAGUNDES RUAS,372.39,0.0,2016-04-27
BRASILIA - DF,2016-03-03,2,1.0,88941,REGINA MARIA BECKER,744.77,427.52,2016-03-04
SAO PAULO - SP,2016-10-18,2,1.0,93323,REGINA MARIA BECKER,744.77,0.0,2016-10-19
BRASILIA - DF,2016-02-23,2,1.0,88978,RONALDO SANTINI,744.77,0.0,2016-02-24
BRASILIA - DF,2016-03-16,2,1.0,89394,RONALDO SANTINI,744.77,0.0,2016-03-17
BRASILIA - DF,2016-04-14,2,1.0,89853,RONALDO SANTINI,744.77,0.0,2016-04-15
BRASILIA - DF,2016-04-27,2,1.0,90091,RONALDO SANTINI,744.77,0.0,2016-04-28
BRASILIA - DF,2016-05-11,2,1.0,90562,RONALDO SANTINI,744.77,0.0,2016-05-12
ARACAJU - SE,2016-06-01,2,2.0,90972,RONALDO SANTINI,1489.54,0.0,2016-06-03
BRASILIA - DF,2016-06-26,2,1.0,91496,RONALDO SANTINI,744.77,0.0,2016-06-27
BRASILIA - DF,2016-11-06,2,4.0,93611,RONALDO SANTINI,2979.08,0.0,2016-11-10
BRASILIA - DF,2016-04-12,2,3.0,89982,SERGIO BERGONSI TURRA,2234.31,0.0,2016-04-15
BRASILIA - DF,2016-07-06,3,1.0,91859,SERGIO BERGONSI TURRA,744.77,0.0,2016-07-07
BRASILIA - DF,2016-08-01,2,3.0,92502,SERGIO BERGONSI TURRA,2234.31,0.0,2016-08-04
BRASILIA - DF,2016-11-08,2,3.0,93645,SERGIO BERGONSI TURRA,2234.31,0.0,2016-11-11
SAO PAULO - SP,2016-07-23,2,2.0,92126,SERGIO PERES ALÓS,1489.54,0.0,2016-07-25
BRASILIA - DF,2016-12-13,2,2.0,94129,SERGIO PERES ALÓS,1489.54,0.0,2016-12-15
BRASILIA - DF,2016-03-15,2,2.0,89223,SILVANA MARIA FRANCISCATTO COVATTI,1489.54,0.0,2016-03-17
BRASILIA - DF,2016-04-12,2,2.0,89932,SILVANA MARIA FRANCISCATTO COVATTI,1489.54,0.0,2016-04-14
BRASILIA - DF,2016-04-26,2,1.0,90134,SILVANA MARIA FRANCISCATTO COVATTI,744.77,0.0,2016-04-27
"ARACAJU - SE,  BRASILIA - DF",2016-05-31,2,0.5,90935,SILVANA MARIA FRANCISCATTO COVATTI,372.39,0.0,2016-05-31
"ARACAJU - SE,  BRASILIA - DF",2016-06-01,1,2.5,90935,SILVANA MARIA FRANCISCATTO COVATTI,1861.93,0.0,2016-06-03
BRASILIA - DF,2016-07-06,2,2.0,91803,SILVANA MARIA FRANCISCATTO COVATTI,1489.54,0.0,2016-07-08
BRASILIA - DF,2016-07-13,2,2.0,91957,SILVANA MARIA FRANCISCATTO COVATTI,1489.54,0.0,2016-07-15
BRASILIA - DF,2016-08-16,2,1.0,92669,SILVANA MARIA FRANCISCATTO COVATTI,744.77,0.0,2016-08-17
BRASILIA - DF,2016-10-19,2,2.0,93322,SILVANA MARIA FRANCISCATTO COVATTI,1489.54,0.0,2016-10-21
SAO PAULO - SP,2016-11-10,2,2.0,93635,SILVANA MARIA FRANCISCATTO COVATTI,1489.54,0.0,2016-11-12
BRASILIA - DF,2016-02-18,2,1.0,88589,STELA BEATRIZ FARIAS LOPES,744.77,0.0,2016-02-19
BRASILIA - DF,2016-04-06,2,1.0,89617,STELA BEATRIZ FARIAS LOPES,744.77,301.3,2016-04-07
BRASILIA - DF,2016-05-10,2,2.0,90434,STELA BEATRIZ FARIAS LOPES,1489.54,0.0,2016-05-12
BRASILIA - DF,2016-04-27,2,1.0,90114,TARCISIO JOÃO ZIMMERMANN,744.77,0.0,2016-04-28
BRASILIA - DF,2016-12-02,2,1.0,93894,TARCISIO JOÃO ZIMMERMANN,744.77,23.54,2016-12-03
BRASILIA - DF,2016-03-16,2,2.0,89461,VILMAR PERIN ZANCHIN,1489.54,11.0,2016-03-18
BRASILIA - DF,2016-04-27,2,2.0,90373,VILMAR PERIN ZANCHIN,1489.54,0.0,2016-04-29
BRASILIA - DF,2016-05-24,2,1.0,90934,VILMAR PERIN ZANCHIN,744.77,0.0,2016-05-25
ARACAJU - SE,2016-06-01,1,2.0,91172,VILMAR PERIN ZANCHIN,1489.54,0.0,2016-06-03
BRASILIA - DF,2016-06-23,2,1.0,91465,VILMAR PERIN ZANCHIN,744.77,0.0,2016-06-24
BRASILIA - DF,2016-08-11,2,1.0,92623,VILMAR PERIN ZANCHIN,744.77,0.0,2016-08-12
BRASILIA - DF,2016-11-07,2,2.0,93740,VILMAR PERIN ZANCHIN,1489.54,0.0,2016-11-09
BRASILIA - DF,2016-11-30,1,0.5,93954,VILMAR PERIN ZANCHIN,372.39,0.0,2016-11-30
BRASILIA - DF,2016-12-01,1,1.5,93954,VILMAR PERIN ZANCHIN,1117.16,0.0,2016-12-02
CURITIBA - PR,2016-06-13,2,1.0,91229,VOLMIR JOSE MIKI BREIER,744.77,0.0,2016-06-14
BRASILIA - DF,2016-07-07,2,1.0,91985,VOLMIR JOSE MIKI BREIER,744.77,0.0,2016-07-08
CURITIBA - PR,2016-07-25,2,1.0,92204,VOLMIR JOSE MIKI BREIER,744.77,0.0,2016-07-26
SAO PAULO - SP,2016-08-31,1,0.5,92864,VOLMIR JOSE MIKI BREIER,372.39,0.0,2016-08-31
SAO PAULO - SP,2016-09-01,1,0.5,92864,VOLMIR JOSE MIKI BREIER,372.39,0.0,2016-09-01
BRASILIA - DF,2016-10-20,2,1.0,93328,VOLMIR JOSE MIKI BREIER,744.77,0.0,2016-10-21
SAO PAULO - SP,2016-11-23,2,1.0,93829,VOLMIR JOSE MIKI BREIER,744.77,0.0,2016-11-24
RIO DE JANEIRO - RJ,2016-11-30,2,0.5,93921,VOLMIR JOSE MIKI BREIER,372.39,0.0,2016-11-30
"BRASILIA - DF,  CURITIBA - PR",2016-12-14,2,1.0,94193,VOLMIR JOSE MIKI BREIER,744.77,0.0,2016-12-15
SAO PAULO - SP,2016-03-19,1,1.0,89318,VOLNEI DA SILVA ALVES,744.77,0.0,2016-03-20
BRASILIA - DF,2016-04-27,2,0.5,90185,VOLNEI DA SILVA ALVES,372.39,0.0,2016-04-27
BRASILIA - DF,2016-10-26,2,0.5,93420,VOLNEI DA SILVA ALVES,372.39,0.0,2016-10-26
BRASILIA - DF,2016-11-23,2,0.5,93759,VOLNEI DA SILVA ALVES,372.39,0.0,2016-11-23
SAO PAULO - SP,2016-12-09,2,1.0,94077,VOLNEI DA SILVA ALVES,744.77,0.0,2016-12-10
BRASILIA - DF,2016-06-29,2,1.0,91595,ZILA MARIA BREITENBACH,744.77,84.59,2016-06-30
SAO PAULO - SP,2017-01-26,2,1.0,94392,ADAO ROBERTO RODRIGUES VILLAVERDE,744.77,0.0,2017-01-27
BRASILIA - DF,2017-02-20,3,1.0,94803,ADAO ROBERTO RODRIGUES VILLAVERDE,744.77,0.0,2017-02-21
BRASILIA - DF,2017-08-23,3,0.5,99064,ADAO ROBERTO RODRIGUES VILLAVERDE,372.39,0.0,2017-08-23
CAMPINA GRANDE - PB,2017-09-20,4,2.0,99754,ADAO ROBERTO RODRIGUES VILLAVERDE,1489.54,0.0,2017-09-22
SAO PAULO - SP,2017-12-14,2,1.0,101884,ADAO ROBERTO RODRIGUES VILLAVERDE,744.77,0.0,2017-12-15
BRASILIA - DF,2017-11-01,2,0.5,100981,ADILSON TROCA,372.39,0.0,2017-11-01
BRASILIA - DF,2017-03-19,3,3.0,95474,ADOLFO JOSE BRITO,2234.31,0.0,2017-03-22
BRASILIA - DF,2017-04-05,2,1.0,95884,ADOLFO JOSE BRITO,744.77,0.0,2017-04-06
FOZ DO IGUACU - PR,2017-06-07,2,3.0,97318,ADOLFO JOSE BRITO,2234.31,0.0,2017-06-10
FLORIANOPOLIS - SC,2017-06-28,2,1.0,97750,ADOLFO JOSE BRITO,744.77,0.0,2017-06-29
BRASILIA - DF,2017-07-31,1,0.5,98561,ADOLFO JOSE BRITO,372.39,0.0,2017-07-31
BRASILIA - DF,2017-08-01,2,0.5,98561,ADOLFO JOSE BRITO,372.39,0.0,2017-08-01
BRASILIA - DF,2017-09-26,2,1.0,99964,ADOLFO JOSE BRITO,744.77,0.0,2017-09-27
BRASILIA - DF,2017-10-09,2,2.0,100504,ADOLFO JOSE BRITO,1489.54,0.0,2017-10-11
FLORIANOPOLIS - SC,2017-10-19,2,0.5,100506,ADOLFO JOSE BRITO,372.39,0.0,2017-10-19
BRASILIA - DF,2017-03-09,2,0.5,95016,ALTEMIR ANTONIO TORTELLI,372.39,0.0,2017-03-09
BRASILIA - DF,2017-03-22,2,0.5,95451,ALTEMIR ANTONIO TORTELLI,372.39,0.0,2017-03-22
CHAPECO - SC,2017-03-23,0,1.0,95527,ALTEMIR ANTONIO TORTELLI,744.77,99.0,2017-03-24
BRASILIA - DF,2017-03-27,2,1.0,95585,ALTEMIR ANTONIO TORTELLI,744.77,0.0,2017-03-28
CHAPECO - SC,2017-05-12,0,1.0,96735,ALTEMIR ANTONIO TORTELLI,744.77,152.0,2017-05-13
FORTALEZA - CE,2017-07-27,2,1.0,98251,ALTEMIR ANTONIO TORTELLI,744.77,0.0,2017-07-28
BRASILIA - DF,2017-02-13,2,2.0,94602,ALVARO DAVI BOESSIO,1489.54,0.0,2017-02-15
CAMPO GRANDE - MS,2017-04-09,3,3.0,96014,ALVARO DAVI BOESSIO,2234.31,0.0,2017-04-12
FOZ DO IGUACU - PR,2017-06-06,2,2.0,97100,ALVARO DAVI BOESSIO,1489.54,463.0,2017-06-08
LUZIANIA - GO,2017-07-30,1,1.0,98718,ALVARO DAVI BOESSIO,744.77,0.0,2017-07-31
LUZIANIA - GO,2017-08-01,1,3.0,98718,ALVARO DAVI BOESSIO,2234.31,0.0,2017-08-03
BRASILIA - DF,2017-05-01,2,2.0,96429,ANTONIO VALDECI OLIVEIRA DE OLIVEIRA,1489.54,0.0,2017-05-03
BRASILIA - DF,2017-09-27,2,2.0,99963,ANTONIO VALDECI OLIVEIRA DE OLIVEIRA,1489.54,0.0,2017-09-29
BRASILIA - DF,2017-02-15,3,0.5,94621,ANY MACHADO ORTIZ,372.39,0.0,2017-02-15
"BRASILIA - DF,  SAO PAULO - SP",2017-03-14,3,1.0,95233,ANY MACHADO ORTIZ,744.77,0.0,2017-03-15
BRASILIA - DF,2017-03-30,2,0.5,95692,ANY MACHADO ORTIZ,372.39,0.0,2017-03-30
FOZ DO IGUACU - PR,2017-06-07,2,1.0,97300,ANY MACHADO ORTIZ,744.77,0.0,2017-06-08
BRASILIA - DF,2017-06-22,2,1.0,97584,ANY MACHADO ORTIZ,744.77,0.0,2017-06-23
FLORIANOPOLIS - SC,2017-09-27,2,0.5,99856,ANY MACHADO ORTIZ,372.39,0.0,2017-09-27
BRASILIA - DF,2017-11-08,2,1.0,100954,ANY MACHADO ORTIZ,744.77,0.0,2017-11-09
BRASILIA - DF,2017-02-02,2,1.0,94456,CIRO CARLOS EMERIM SIMONI,744.77,0.0,2017-02-03
SAO PAULO - SP,2017-02-16,2,1.0,94647,CIRO CARLOS EMERIM SIMONI,744.77,0.0,2017-02-17
CURITIBA - PR,2017-05-14,2,1.0,96326,CIRO CARLOS EMERIM SIMONI,744.77,0.0,2017-05-15
FOZ DO IGUACU - PR,2017-06-06,2,4.0,96871,CIRO CARLOS EMERIM SIMONI,2979.08,0.0,2017-06-10
BRASILIA - DF,2017-02-14,2,2.0,94774,EDSON MEURER BRUM,1489.54,0.0,2017-02-16
BRASILIA - DF,2017-02-20,2,0.5,94697,EDUARDO DEBACCO LOUREIRO,372.39,0.0,2017-02-20
BRASILIA - DF,2017-07-31,0,0.5,98542,EDUARDO DEBACCO LOUREIRO,372.39,0.0,2017-07-31
BRASILIA - DF,2017-08-01,0,0.5,98542,EDUARDO DEBACCO LOUREIRO,372.39,299.5,2017-08-01
BRASILIA - DF,2017-10-09,0,1.0,100235,EDUARDO DEBACCO LOUREIRO,744.77,320.4,2017-10-10
BRASILIA - DF,2017-03-09,2,0.5,95146,EDUARDO RAFAEL VIERA OLIVERA,372.39,0.0,2017-03-09
BRASILIA - DF,2017-03-14,0,0.5,95202,EDUARDO RAFAEL VIERA OLIVERA,372.39,60.4,2017-03-14
BRASILIA - DF,2017-04-26,0,0.5,96383,EDUARDO RAFAEL VIERA OLIVERA,372.39,60.5,2017-04-26
BRASILIA - DF,2017-05-16,2,2.0,96800,EDUARDO RAFAEL VIERA OLIVERA,1489.54,0.0,2017-05-18
CURITIBA - PR,2017-08-27,0,1.0,99293,EDUARDO RAFAEL VIERA OLIVERA,744.77,193.2,2017-08-28
BRASILIA - DF,2017-10-09,0,2.0,100499,EDUARDO RAFAEL VIERA OLIVERA,1489.54,200.0,2017-10-11
BRASILIA - DF,2017-02-14,3,2.0,94622,ELTON ROBERTO WEBER,1489.54,0.0,2017-02-16
BRASILIA - DF,2017-03-13,2,2.0,95214,ELTON ROBERTO WEBER,1489.54,0.0,2017-03-15
BRASILIA - DF,2017-05-02,4,1.0,96484,ELTON ROBERTO WEBER,744.77,0.0,2017-05-03
BRASILIA - DF,2017-10-11,2,0.5,100524,ELTON ROBERTO WEBER,372.39,0.0,2017-10-11
FLORIANOPOLIS - SC,2017-03-27,2,0.5,95557,FREDERICO CANTORI ANTUNES,372.39,0.0,2017-03-27
BRASILIA - DF,2017-05-16,2,1.0,96763,FREDERICO CANTORI ANTUNES,744.77,0.0,2017-05-17
BRASILIA - DF,2017-06-01,2,1.0,97261,FREDERICO CANTORI ANTUNES,744.77,0.0,2017-06-02
FOZ DO IGUACU - PR,2017-06-06,2,2.0,97377,FREDERICO CANTORI ANTUNES,1489.54,0.0,2017-06-08
"BOA VISTA - RR,  BRASILIA - DF",2017-08-08,4,3.0,98851,FREDERICO CANTORI ANTUNES,2234.31,0.0,2017-08-11
BRASILIA - DF,2017-09-27,2,1.0,100067,FREDERICO CANTORI ANTUNES,744.77,0.0,2017-09-28
"BRASILIA - DF,  SAO PAULO - SP",2017-11-08,3,1.0,101117,FREDERICO CANTORI ANTUNES,744.77,0.0,2017-11-09
BRASILIA - DF,2017-12-06,2,2.0,101789,FREDERICO CANTORI ANTUNES,1489.54,0.0,2017-12-08
FOZ DO IGUACU - PR,2017-06-06,0,3.0,97418,GERSON BURMANN,2234.31,963.9,2017-06-09
BRASILIA - DF,2017-08-21,0,2.0,99094,GERSON BURMANN,1489.54,470.0,2017-08-23
BRASILIA - DF,2017-06-27,2,3.0,97888,GERSON LUÍS DE BORBA,2234.31,750.75,2017-06-30
BRASILIA - DF,2017-07-31,1,0.5,98569,GERSON LUÍS DE BORBA,372.39,0.0,2017-07-31
BRASILIA - DF,2017-08-01,1,1.5,98569,GERSON LUÍS DE BORBA,1117.16,512.6,2017-08-02
BRASILIA - DF,2017-02-13,0,3.0,94690,GILBERTO CAPOANI,2234.31,606.0,2017-02-16
BRASILIA - DF,2017-06-20,2,3.0,97656,GILBERTO CAPOANI,2234.31,0.0,2017-06-23
BRASILIA - DF,2017-08-20,2,3.0,99027,GILBERTO CAPOANI,2234.31,0.0,2017-08-23
BRASILIA - DF,2017-10-24,1,2.0,100665,GILBERTO CAPOANI,1489.54,0.0,2017-10-26
BRASILIA - DF,2017-11-28,2,2.0,101499,GILBERTO CAPOANI,1489.54,0.0,2017-11-30
"BRASILIA - DF,  SAO PAULO - SP",2017-03-14,3,1.0,95342,GILMAR SOSSELLA,744.77,0.0,2017-03-15
BRASILIA - DF,2017-03-28,2,2.0,95724,GILMAR SOSSELLA,1489.54,0.0,2017-03-30
BRASILIA - DF,2017-04-25,2,2.0,96325,GILMAR SOSSELLA,1489.54,0.0,2017-04-27
BRASILIA - DF,2017-05-16,2,2.0,96845,GILMAR SOSSELLA,1489.54,0.0,2017-05-18
BRASILIA - DF,2017-06-05,2,3.0,97282,GILMAR SOSSELLA,2234.31,0.0,2017-06-08
BRASILIA - DF,2017-08-20,2,3.0,99071,GILMAR SOSSELLA,2234.31,0.0,2017-08-23
BRASILIA - DF,2017-09-13,2,1.0,99588,GILMAR SOSSELLA,744.77,0.0,2017-09-14
BRASILIA - DF,2017-10-09,2,2.0,100305,GILMAR SOSSELLA,1489.54,0.0,2017-10-11
BRASILIA - DF,2017-10-30,1,1.0,100864,GILMAR SOSSELLA,744.77,0.0,2017-10-31
BRASILIA - DF,2017-11-01,1,1.0,100864,GILMAR SOSSELLA,744.77,0.0,2017-11-01
CHAPECO - SC,2017-08-14,4,1.0,98912,JEFERSON OLIVEIRA FERNANDES,744.77,0.0,2017-08-15
SAO PAULO - SP,2017-02-02,2,1.0,94462,JOAO EDEGAR PRETTO,744.77,0.0,2017-02-03
"BRASILIA - DF,  SAO PAULO - SP",2017-03-14,3,1.0,95205,JOAO EDEGAR PRETTO,744.77,0.0,2017-03-15
BRASILIA - DF,2017-08-23,2,0.5,99050,JOAO EDEGAR PRETTO,372.39,0.0,2017-08-23
RIO DE JANEIRO - RJ,2017-10-02,0,1.0,100197,JOAO EDEGAR PRETTO,744.77,0.0,2017-10-03
BRASILIA - DF,2017-11-08,2,0.5,100959,JOAO EDEGAR PRETTO,372.39,0.0,2017-11-08
"CASCAVEL - PR,  FRANCISCO BELTRAO - PR,  FOZ DO IGUACU - PR,  PATO BRANCO - PR",2017-07-25,0,4.0,98627,JOAO ERVINO FISCHER,2979.08,105.54,2017-07-29
CURITIBA - PR,2017-10-08,2,2.0,100241,JOAO ERVINO FISCHER,1489.54,0.0,2017-10-10
CAMPINAS - SP,2017-07-09,2,2.0,98005,JOÃO OTÁVIO REINELLI,1489.54,0.0,2017-07-11
BRASILIA - DF,2017-11-08,3,1.0,100958,JOÃO OTÁVIO REINELLI,744.77,0.0,2017-11-09
BRASILIA - DF,2017-02-16,2,1.0,94674,JOSE ANTONIO JUNIOR FROZZA PALADINI,744.77,0.0,2017-02-17
BRASILIA - DF,2017-05-01,2,1.0,96463,JOSE ANTONIO JUNIOR FROZZA PALADINI,744.77,0.0,2017-05-02
FOZ DO IGUACU - PR,2017-06-06,0,4.0,96720,JOSE ANTONIO JUNIOR FROZZA PALADINI,2979.08,1219.05,2017-06-10
FOZ DO IGUACU - PR,2017-06-06,0,4.0,96720,JOSE ANTONIO JUNIOR FROZZA PALADINI,2979.08,1219.05,2017-06-10
BRASILIA - DF,2017-08-21,2,1.0,99069,JOSE ANTONIO JUNIOR FROZZA PALADINI,744.77,0.0,2017-08-22
BRASILIA - DF,2017-02-16,2,0.5,94684,JOSÉ SIDNEY NUNES DE ALMEIDA,372.39,0.0,2017-02-16
BRASILIA - DF,2017-04-25,2,1.0,96285,JOSÉ SIDNEY NUNES DE ALMEIDA,744.77,25.5,2017-04-26
BRASILIA - DF,2017-09-12,2,2.0,99541,JOSÉ SIDNEY NUNES DE ALMEIDA,1489.54,0.0,2017-09-14
BRASILIA - DF,2017-10-10,3,0.5,100262,JOSÉ SIDNEY NUNES DE ALMEIDA,372.39,0.0,2017-10-10
SAO PAULO - SP,2017-02-16,2,2.0,94760,JULIANO ROSO,1489.54,0.0,2017-02-18
BRASILIA - DF,2017-02-22,2,2.0,94851,JULIANO ROSO,1489.54,0.0,2017-02-24
BRASILIA - DF,2017-04-18,2,1.0,96176,JULIANO ROSO,744.77,0.0,2017-04-19
BRASILIA - DF,2017-10-22,2,1.0,100654,JULIANO ROSO,744.77,0.0,2017-10-23
BRASILIA - DF,2017-11-16,1,1.0,101297,JULIANO ROSO,744.77,0.0,2017-11-17
BRASILIA - DF,2017-02-14,2,2.0,94700,LIZIANE BAYER DA COSTA,1489.54,590.0,2017-02-16
BRASILIA - DF,2017-05-16,2,1.0,96901,LIZIANE BAYER DA COSTA,744.77,0.0,2017-05-17
FOZ DO IGUACU - PR,2017-06-06,1,2.0,96501,LIZIANE BAYER DA COSTA,1489.54,0.0,2017-06-08
FOZ DO IGUACU - PR,2017-06-09,0,0.5,97415,LIZIANE BAYER DA COSTA,372.39,973.35,2017-06-09
BRASILIA - DF,2017-08-21,0,1.0,99056,LIZIANE BAYER DA COSTA,744.77,232.0,2017-08-22
BRASILIA - DF,2017-09-18,0,2.0,99743,LIZIANE BAYER DA COSTA,1489.54,723.35,2017-09-20
FORTALEZA - CE,2017-11-29,0,1.0,101623,LIZIANE BAYER DA COSTA,744.77,0.0,2017-11-30
BRASILIA - DF,2017-12-06,0,2.0,101782,LIZIANE BAYER DA COSTA,1489.54,1567.63,2017-12-08
FLORIANOPOLIS - SC,2017-01-23,0,2.0,94424,LUIS AUGUSTO BARCELLOS LARA,1489.54,438.25,2017-01-25
SAO PAULO - SP,2017-03-09,2,0.5,95400,LUIS AUGUSTO BARCELLOS LARA,372.39,0.0,2017-03-09
BRASILIA - DF,2017-03-14,3,0.5,95401,LUIS AUGUSTO BARCELLOS LARA,372.39,0.0,2017-03-14
BRASILIA - DF,2017-10-04,0,1.0,100312,LUIS AUGUSTO BARCELLOS LARA,744.77,175.45,2017-10-05
SAO PAULO - SP,2017-10-25,2,1.0,101233,LUIS AUGUSTO BARCELLOS LARA,744.77,0.0,2017-10-26
BRASILIA - DF,2017-11-08,2,0.5,101233,LUIS AUGUSTO BARCELLOS LARA,372.39,0.0,2017-11-08
BRASILIA - DF,2017-05-16,2,1.0,96753,LUIZ FERNANDO MAINARDI,744.77,0.0,2017-05-17
FOZ DO IGUACU - PR,2017-06-06,0,2.0,97306,LUIZ FERNANDO MAINARDI,1489.54,648.9,2017-06-08
BRASILIA - DF,2017-10-10,2,0.5,100265,LUIZ FERNANDO MAINARDI,372.39,0.0,2017-10-10
"BRASILIA - DF,  SAO PAULO - SP",2017-11-08,3,1.0,100982,LUIZ FERNANDO MAINARDI,744.77,0.0,2017-11-09
BRASILIA - DF,2017-12-06,2,1.0,101732,LUIZ FERNANDO MAINARDI,744.77,0.0,2017-12-07
SAO PAULO - SP,2017-10-05,2,1.0,100228,MANUELA PINTO VIEIRA D\' AVILA,744.77,0.0,2017-10-06
SAO PAULO - SP,2017-03-09,1,0.5,95044,MARCELO PIRES MORAES,372.39,0.0,2017-03-09
BRASILIA - DF,2017-03-13,2,1.0,95324,MARCELO PIRES MORAES,744.77,0.0,2017-03-14
BRASILIA - DF,2017-10-16,3,1.0,100643,MARCELO PIRES MORAES,744.77,0.0,2017-10-17
BRASILIA - DF,2017-11-07,2,1.0,101350,MARCELO PIRES MORAES,744.77,0.0,2017-11-08
BRASILIA - DF,2017-12-11,1,0.5,101989,MARCELO PIRES MORAES,372.39,0.0,2017-12-11
BRASILIA - DF,2017-01-25,2,0.5,94397,MAURICIO ALEXANDRE DZIEDRICKI,372.39,0.0,2017-01-25
SAO PAULO - SP,2017-07-01,0,2.0,97953,MAURICIO ALEXANDRE DZIEDRICKI,1489.54,0.0,2017-07-03
BRASILIA - DF,2017-08-23,0,0.5,99060,MIRIAM PAZ GARCEZ MARRONI,372.39,57.25,2017-08-23
BRASILIA - DF,2017-11-01,0,0.5,100895,MIRIAM PAZ GARCEZ MARRONI,372.39,9.01,2017-11-01
BRASILIA - DF,2017-05-14,0,1.0,96897,NELSON LUIZ DA SILVA,744.77,206.8,2017-05-15
"BRASILIA - DF,  FOZ DO IGUACU - PR",2017-06-06,6,2.0,97379,NELSON LUIZ DA SILVA,1489.54,0.0,2017-06-08
BRASILIA - DF,2017-06-22,2,0.5,97781,NELSON LUIZ DA SILVA,372.39,0.0,2017-06-22
BRASILIA - DF,2017-08-22,0,1.0,99229,NELSON LUIZ DA SILVA,744.77,321.2,2017-08-23
BRASILIA - DF,2017-10-03,0,1.0,100095,NELSON LUIZ DA SILVA,744.77,100.0,2017-10-04
BRASILIA - DF,2017-05-02,2,0.5,96650,PEDRO OZORIO PEREIRA,372.39,0.0,2017-05-02
"CARMO DA CACHOEIRA - MG,  LAVRAS - MG",2017-03-18,2,1.0,95350,REGINA MARIA BECKER,744.77,0.0,2017-03-19
SAO PAULO - SP,2017-03-24,2,2.0,95672,REGINA MARIA BECKER,1489.54,0.0,2017-03-26
RIO DE JANEIRO - RJ,2017-04-19,1,2.0,96238,REGINA MARIA BECKER,1489.54,0.0,2017-04-21
BRASILIA - DF,2017-05-01,2,1.0,96492,REGINA MARIA BECKER,744.77,0.0,2017-05-02
BELO HORIZONTE - MG,2017-06-01,2,1.0,97149,REGINA MARIA BECKER,744.77,0.0,2017-06-02
CARMO DA CACHOEIRA - MG,2017-06-21,2,2.0,97633,REGINA MARIA BECKER,1489.54,0.0,2017-06-23
BRASILIA - DF,2017-08-18,2,1.0,98921,REGINA MARIA BECKER,744.77,0.0,2017-08-19
SALVADOR - BA,2017-08-25,4,2.0,99161,REGINA MARIA BECKER,1489.54,0.0,2017-08-27
SAO PAULO - SP,2017-10-05,2,1.0,100313,REGINA MARIA BECKER,744.77,0.0,2017-10-06
MOGI DAS CRUZES - SP,2017-10-19,2,1.0,100605,REGINA MARIA BECKER,744.77,0.0,2017-10-20
BRASILIA - DF,2017-11-28,2,0.5,101464,REGINA MARIA BECKER,372.39,0.0,2017-11-28
BRASILIA - DF,2017-02-14,2,2.0,94776,RONALDO SANTINI,1489.54,0.0,2017-02-16
BRASILIA - DF,2017-06-28,2,1.0,97875,RONALDO SANTINI,744.77,0.0,2017-06-29
BRASILIA - DF,2017-08-21,1,2.0,99073,RONALDO SANTINI,1489.54,0.0,2017-08-23
BRASILIA - DF,2017-02-14,2,2.0,94653,SERGIO BERGONSI TURRA,1489.54,0.0,2017-02-16
BRASILIA - DF,2017-03-23,2,0.5,95565,SERGIO BERGONSI TURRA,372.39,0.0,2017-03-23
BRASILIA - DF,2017-05-16,2,2.0,96820,SERGIO BERGONSI TURRA,1489.54,0.0,2017-05-18
SAO PAULO - SP,2017-08-06,1,1.0,98708,SERGIO BERGONSI TURRA,744.77,0.0,2017-08-07
BRASILIA - DF,2017-09-25,2,1.0,99887,SERGIO BERGONSI TURRA,744.77,0.0,2017-09-26
BRASILIA - DF,2017-03-13,0,2.0,95230,SERGIO PERES ALÓS,1489.54,275.0,2017-03-15
BRASILIA - DF,2017-01-25,1,2.0,94360,SILVANA MARIA FRANCISCATTO COVATTI,1489.54,0.0,2017-01-27
BRASILIA - DF,2017-03-13,2,2.0,95177,SILVANA MARIA FRANCISCATTO COVATTI,1489.54,0.0,2017-03-15
BRASILIA - DF,2017-04-05,2,2.0,95973,SILVANA MARIA FRANCISCATTO COVATTI,1489.54,0.0,2017-04-07
BRASILIA - DF,2017-05-10,2,2.0,96707,SILVANA MARIA FRANCISCATTO COVATTI,1489.54,0.0,2017-05-12
FOZ DO IGUACU - PR,2017-06-06,2,3.0,97365,SILVANA MARIA FRANCISCATTO COVATTI,2234.31,0.0,2017-06-09
BRASILIA - DF,2017-09-22,2,1.0,99882,SILVANA MARIA FRANCISCATTO COVATTI,744.77,0.0,2017-09-23
BRASILIA - DF,2017-10-25,2,2.0,100783,SILVANA MARIA FRANCISCATTO COVATTI,1489.54,0.0,2017-10-27
BRASILIA - DF,2017-12-07,2,2.0,101825,SILVANA MARIA FRANCISCATTO COVATTI,1489.54,0.0,2017-12-09
BRASILIA - DF,2017-03-09,3,1.0,95084,STELA BEATRIZ FARIAS LOPES,744.77,0.0,2017-03-10
"BRASILIA - DF,  SAO PAULO - SP",2017-03-14,3,1.0,95178,STELA BEATRIZ FARIAS LOPES,744.77,0.0,2017-03-15
"BRASILIA - DF,  SAO PAULO - SP",2017-03-14,3,1.0,95199,TARCISIO JOÃO ZIMMERMANN,744.77,275.0,2017-03-15
BELO HORIZONTE - MG,2017-04-04,0,1.0,95840,TARCISIO JOÃO ZIMMERMANN,744.77,157.5,2017-04-05
BRASILIA - DF,2017-08-23,2,1.0,99093,TARCISIO JOÃO ZIMMERMANN,744.77,0.0,2017-08-24
BRASILIA - DF,2017-02-08,2,2.0,94707,VILMAR PERIN ZANCHIN,1489.54,0.0,2017-02-10
BRASILIA - DF,2017-03-08,2,1.0,95060,VILMAR PERIN ZANCHIN,744.77,0.0,2017-03-09
BRASILIA - DF,2017-03-14,2,1.0,95345,VILMAR PERIN ZANCHIN,744.77,0.0,2017-03-15
BRASILIA - DF,2017-03-29,2,1.0,95858,VILMAR PERIN ZANCHIN,744.77,0.0,2017-03-30
BRASILIA - DF,2017-05-15,2,3.0,96870,VILMAR PERIN ZANCHIN,2234.31,0.0,2017-05-18
BRASILIA - DF,2017-07-18,3,1.0,98410,VILMAR PERIN ZANCHIN,744.77,0.0,2017-07-19
BRASILIA - DF,2017-10-25,2,1.0,100817,VILMAR PERIN ZANCHIN,744.77,0.0,2017-10-26
BRASILIA - DF,2017-11-08,2,1.0,101018,VILMAR PERIN ZANCHIN,744.77,0.0,2017-11-09
BRASILIA - DF,2017-11-29,1,1.0,101598,VILMAR PERIN ZANCHIN,744.77,0.0,2017-11-30
BRASILIA - DF,2017-12-01,1,1.0,101598,VILMAR PERIN ZANCHIN,744.77,0.0,2017-12-01
BRASILIA - DF,2017-03-14,3,1.0,95446,VOLNEI DA SILVA ALVES,744.77,200.5,2017-03-15
BRASILIA - DF,2017-05-01,2,3.0,96483,VOLNEI DA SILVA ALVES,2234.31,0.0,2017-05-04
CURITIBA - PR,2017-09-06,0,1.0,99495,VOLNEI DA SILVA ALVES,744.77,199.0,2017-09-07
CHAPECO - SC,2017-11-29,0,1.0,101695,ZILA MARIA BREITENBACH,744.77,0.0,2017-11-30
CHAPECO - SC,2017-12-01,0,1.0,101695,ZILA MARIA BREITENBACH,744.77,505.5,2017-12-01
